Country Name,Country Code,is_top_50_gdp,is_bottom_50_gdp,is_top_50_population,is_bottom_50_population,is_oecd,is_g20
Afghanistan,AFG,0,1,1,0,0,0
Albania,ALB,0,0,0,0,0,0
Algeria,DZA,0,0,1,0,0,0
Andorra,AND,1,0,0,1,0,0
Angola,AGO,0,0,1,0,0,0
Antigua and Barbuda,ATG,0,0,0,1,0,0
Argentina,ARG,0,0,1,0,0,1
Armenia,ARM,0,0,0,0,0,0
Aruba,ABW,1,0,0,1,0,0
Australia,AUS,1,0,0,0,1,1
Austria,AUT,1,0,0,0,1,0
Azerbaijan,AZE,0,0,0,0,0,0
Bahamas,BHS,0,0,0,1,0,0
Bahrain,BHR,1,0,0,1,0,0
Bangladesh,BGD,0,0,1,0,0,0
Barbados,BRB,0,0,0,1,0,0
Belarus,BLR,0,0,0,0,0,0
Belgium,BEL,1,0,0,0,1,0
Belize,BLZ,0,0,0,1,0,0
Benin,BEN,0,1,0,0,0,0
Bermuda,BMU,1,0,0,1,0,0
Bolivia,BOL,0,0,0,0,0,0
Bosnia and Herzegovina,BIH,0,0,0,0,0,0
Botswana,BWA,0,0,0,0,0,0
Brazil,BRA,0,0,1,0,0,1
Brunei,BRN,1,0,0,1,0,0
Bulgaria,BGR,0,0,0,0,0,0
Burkina Faso,BFA,0,1,0,0,0,0
Burundi,BDI,0,1,0,0,0,0
Cambodia,KHM,0,0,0,0,0,0
Cameroon,CMR,0,1,0,0,0,0
Canada,CAN,1,0,1,0,1,1
Cape Verde,CPV,0,0,0,1,0,0
Cayman Islands,CYM,1,0,0,1,0,0
Central African Republic,CAF,0,1,0,0,0,0
Chad,TCD,0,1,0,0,0,0
Chile,CHL,0,0,0,0,1,0
China,CHN,0,0,1,0,0,1
Colombia,COL,0,0,1,0,1,0
Comoros,COM,0,1,0,1,0,0
Congo,COG,0,1,0,0,0,0
Costa Rica,CRI,0,0,0,0,1,0
Cote d'Ivoire,CIV,0,0,1,0,0,0
Croatia,HRV,1,0,0,0,0,0
Curacao,CUW,0,0,0,1,0,0
Cyprus,CYP,1,0,0,1,0,0
Czechia,CZE,1,0,0,0,1,0
Democratic Republic of Congo,COD,0,1,1,0,0,0
Denmark,DNK,1,0,0,0,1,0
Djibouti,DJI,0,1,0,1,0,0
Dominica,DMA,0,0,0,1,0,0
Dominican Republic,DOM,0,0,0,0,0,0
East Timor,TLS,0,1,0,1,0,0
Ecuador,ECU,0,0,0,0,0,0
Egypt,EGY,0,0,1,0,0,0
El Salvador,SLV,0,0,0,0,0,0
Equatorial Guinea,GNQ,0,0,0,1,0,0
Estonia,EST,1,0,0,1,1,0
Eswatini,SWZ,0,0,0,1,0,0
Ethiopia,ETH,0,1,1,0,0,0
Fiji,FJI,0,0,0,1,0,0
Finland,FIN,1,0,0,0,1,0
France,FRA,1,0,1,0,1,1
Gabon,GAB,0,0,0,0,0,0
Gambia,GMB,0,1,0,0,0,0
Georgia,GEO,0,0,0,0,0,0
Germany,DEU,1,0,1,0,1,1
Ghana,GHA,0,0,1,0,0,0
Greece,GRC,0,0,0,0,1,0
Grenada,GRD,0,0,0,1,0,0
Guatemala,GTM,0,0,0,0,0,0
Guinea,GIN,0,1,0,0,0,0
Guinea-Bissau,GNB,0,1,0,0,0,0
Guyana,GUY,1,0,0,1,0,0
Haiti,HTI,0,1,0,0,0,0
Honduras,HND,0,0,0,0,0,0
Hong Kong,HKG,1,0,0,0,0,0
Hungary,HUN,1,0,0,0,1,0
Iceland,ISL,1,0,0,1,1,0
India,IND,0,0,1,0,0,1
Indonesia,IDN,0,0,1,0,0,1
Iran,IRN,0,0,1,0,0,0
Iraq,IRQ,0,0,1,0,0,0
Ireland,IRL,1,0,0,0,1,0
Israel,ISR,1,0,0,0,1,0
Italy,ITA,1,0,1,0,1,1
Jamaica,JAM,0,0,0,0,0,0
Japan,JPN,1,0,1,0,1,1
Jordan,JOR,0,0,0,0,0,0
Kazakhstan,KAZ,0,0,0,0,0,0
Kenya,KEN,0,1,1,0,0,0
Kiribati,KIR,0,1,0,1,0,0
Kuwait,KWT,1,0,0,0,0,0
Kyrgyzstan,KGZ,0,0,0,0,0,0
Laos,LAO,0,0,0,0,0,0
Latvia,LVA,0,0,0,1,1,0
Lesotho,LSO,0,1,0,0,0,0
Liberia,LBR,0,1,0,0,0,0
Libya,LBY,0,0,0,0,0,0
Lithuania,LTU,1,0,0,0,1,0
Luxembourg,LUX,1,0,0,1,1,0
Macao,MAC,1,0,0,1,0,0
Madagascar,MDG,0,1,1,0,0,0
Malawi,MWI,0,1,0,0,0,0
Malaysia,MYS,0,0,1,0,0,0
Maldives,MDV,0,0,0,1,0,0
Mali,MLI,0,1,0,0,0,0
Malta,MLT,1,0,0,1,0,0
Marshall Islands,MHL,0,0,0,1,0,0
Mauritania,MRT,0,1,0,0,0,0
Mauritius,MUS,0,0,0,1,0,0
Mexico,MEX,0,0,1,0,1,1
Micronesia (country),FSM,0,1,0,1,0,0
Moldova,MDA,0,0,0,0,0,0
Mongolia,MNG,0,0,0,0,0,0
Montenegro,MNE,0,0,0,1,0,0
Morocco,MAR,0,0,1,0,0,0
Mozambique,MOZ,0,1,1,0,0,0
Myanmar,MMR,0,1,1,0,0,0
Namibia,NAM,0,0,0,0,0,0
Nauru,NRU,0,0,0,1,0,0
Nepal,NPL,0,1,1,0,0,0
Netherlands,NLD,1,0,0,0,1,0
New Zealand,NZL,1,0,0,0,1,0
Nicaragua,NIC,0,0,0,0,0,0
Niger,NER,0,1,0,0,0,0
Nigeria,NGA,0,1,1,0,0,0
North Macedonia,MKD,0,0,0,1,0,0
Norway,NOR,1,0,0,0,1,0
Oman,OMN,0,0,0,0,0,0
Pakistan,PAK,0,1,1,0,0,0
Palau,PLW,0,0,0,1,0,0
Palestine,PSE,0,1,0,0,0,0
Panama,PAN,0,0,0,0,0,0
Papua New Guinea,PNG,0,1,0,0,0,0
Paraguay,PRY,0,0,0,0,0,0
Peru,PER,0,0,1,0,0,0
Philippines,PHL,0,0,1,0,0,0
Poland,POL,1,0,1,0,1,0
Portugal,PRT,1,0,0,0,1,0
Puerto Rico,PRI,1,0,0,0,0,0
Qatar,QAT,1,0,0,0,0,0
Romania,ROU,1,0,0,0,0,0
Russia,RUS,0,0,1,0,0,1
Rwanda,RWA,0,1,0,0,0,0
Saint Kitts and Nevis,KNA,0,0,0,1,0,0
Saint Lucia,LCA,0,0,0,1,0,0
Saint Vincent and the Grenadines,VCT,0,0,0,1,0,0
Samoa,WSM,0,1,0,1,0,0
Sao Tome and Principe,STP,0,1,0,1,0,0
Saudi Arabia,SAU,1,0,1,0,0,1
Senegal,SEN,0,1,0,0,0,0
Serbia,SRB,0,0,0,0,0,0
Seychelles,SYC,0,0,0,1,0,0
Sierra Leone,SLE,0,1,0,0,0,0
Singapore,SGP,1,0,0,0,0,0
Sint Maarten (Dutch part),SXM,1,0,0,1,0,0
Slovakia,SVK,0,0,0,0,1,0
Slovenia,SVN,1,0,0,0,1,0
Solomon Islands,SLB,0,1,0,1,0,0
Somalia,SOM,0,1,0,0,0,0
South Africa,ZAF,0,0,1,0,0,1
South Korea,KOR,1,0,1,0,1,1
Spain,ESP,1,0,1,0,1,0
Sri Lanka,LKA,0,0,0,0,0,0
Sudan,SDN,0,1,1,0,0,0
Suriname,SUR,0,0,0,1,0,0
Sweden,SWE,1,0,0,0,1,0
Switzerland,CHE,1,0,0,0,1,0
Tajikistan,TJK,0,1,0,0,0,0
Tanzania,TZA,0,1,1,0,0,0
Thailand,THA,0,0,1,0,0,0
Togo,TGO,0,1,0,0,0,0
Trinidad and Tobago,TTO,0,0,0,1,0,0
Tunisia,TUN,0,0,0,0,0,0
Turkey,TUR,0,0,1,0,1,1
Turkmenistan,TKM,0,0,0,0,0,0
Turks and Caicos Islands,TCA,0,0,0,1,0,0
Tuvalu,TUV,0,1,0,1,0,0
Uganda,UGA,0,1,1,0,0,0
Ukraine,UKR,0,0,1,0,0,0
United Arab Emirates,ARE,1,0,0,0,0,0
United Kingdom,GBR,1,0,1,0,1,1
United States,USA,1,0,1,0,1,1
Uruguay,URY,0,0,0,0,0,0
Uzbekistan,UZB,0,0,1,0,0,0
Vanuatu,VUT,0,1,0,1,0,0
Vietnam,VNM,0,0,1,0,0,0
Zambia,ZMB,0,1,0,0,0,0
Zimbabwe,ZWE,0,1,0,0,0,0
